{"mean": [5.221874999999999, 2.0028125, 4.6274999999999995, 4.920624999999999, 7.711874999999997, 2.6171875], "scale": [7.205563578539504, 3.6425469578090204, 6.952022637333686, 5.2684745998604745, 3.908658207668587, 2.6559340804778553]}